,State,Assembly Constituency,Winner,Winner Party,Winner Votes,Runner-up,Runner-up Party,Runner-up Votes,Margin
0,Andhra Pradesh,Araku,GUMMA THANUJA RANI,Yuvajana Sramika Rythu Congress Party,477005,KOTHAPALLI GEETHA,Bharatiya Janata Party,426425,50580
1,Andhra Pradesh,Srikakulam,KINJARAPU RAMMOHAN NAIDU,Telugu Desam,754328,TILAK PERADA,Yuvajana Sramika Rythu Congress Party,426427,327901
2,Andhra Pradesh,Vizianagaram,APPALANAIDU KALISETTI,Telugu Desam,743113,BELLANA CHANDRASEKHAR,Yuvajana Sramika Rythu Congress Party,493762,249351
3,Andhra Pradesh,Visakhapatnam,SRIBHARAT MATHUKUMILI,Telugu Desam,907467,JHANSI LAKSHMI. BOTCHA.,Yuvajana Sramika Rythu Congress Party,403220,504247
4,Andhra Pradesh,Anakapalle,C.M.RAMESH,Bharatiya Janata Party,762069,BUDI MUTYALA NAIDU,Yuvajana Sramika Rythu Congress Party,465539,296530
5,Andhra Pradesh,Kakinada,TANGELLA UDAY SRINIVAS  (TEA TIME UDAY),Janasena Party,729699,CHALAMALASETTY SUNIL,Yuvajana Sramika Rythu Congress Party,500208,229491
6,Andhra Pradesh,Amalapuram,G M HARISH (BALAYOGI),Telugu Desam,796981,RAPAKA VARAPRASADA RAO,Yuvajana Sramika Rythu Congress Party,454785,342196
7,Andhra Pradesh,Rajahmundry,DAGGUBATI PURANDHESHWARI,Bharatiya Janata Party,726515,DR. GUDURI SRINIVAS,Yuvajana Sramika Rythu Congress Party,487376,239139
8,Andhra Pradesh,Narsapuram,BHUPATHI RAJU SRINIVASA VARMA (B.J.P.VARMA),Bharatiya Janata Party,707343,UMABALA GUDURI,Yuvajana Sramika Rythu Congress Party,430541,276802
9,Arunachal Pradesh,Arunachal West,KIREN RIJIJU,Bharatiya Janata Party,205417,NABAM TUKI,Indian National Congress,104679,100738
10,Arunachal Pradesh,Arunachal East,TAPIR GAO,Bharatiya Janata Party,145581,BOSIRAM SIRAM,Indian National Congress,115160,30421
11,Assam,Kokrajhar,JOYANTA BASUMATARY,"United People’s Party, Liberal",488995,KAMPA BORGOYARI,Bodoland Peoples Front,437412,51583
12,Assam,Dhubri,RAKIBUL HUSSAIN,Indian National Congress,1471885,MOHAMMED BADRUDDIN AJMAL,All India United Democratic Front,459409,1012476
13,Assam,Barpeta,PHANI BHUSAN CHOUDHURY,Asom Gana Parishad,860113,DEEP BAYAN,Indian National Congress,637762,222351
14,Assam,Darrang-Udalguri,DILIP SAIKIA,Bharatiya Janata Party,868387,MADHAB RAJBANGSHI,Indian National Congress,539375,329012
15,Assam,Guwahati,BIJULI KALITA  MEDHI,Bharatiya Janata Party,894887,MIRA BORTHAKUR GOSWAMI,Indian National Congress,643797,251090
16,Assam,Diphu,AMARSING TISSO,Bharatiya Janata Party,334620,J. I. KATHAR,Independent,187017,147603
17,Assam,Karimganj,KRIPANATH MALLAH,Bharatiya Janata Party,545093,HAFIZ RASHID AHMED CHOUDHURY,Indian National Congress,526733,18360
18,Assam,Silchar,PARIMAL SUKLABAIDYA,Bharatiya Janata Party,652405,SURYA KANTA SARKAR,Indian National Congress,388094,264311
19,Assam,Nagaon,PRADYUT BORDOLOI,Indian National Congress,788850,SURESH BORAH,Bharatiya Janata Party,576619,212231
20,Bihar,Valmiki Nagar,SUNIL KUMAR,Janata Dal  (United),523422,DEEPAK YADAV,Rashtriya Janata Dal,424747,98675
21,Bihar,Paschim Champaran,DR.SANJAY JAISWAL,Bharatiya Janata Party,580421,MADAN MOHAN TIWARI,Indian National Congress,443853,136568
22,Bihar,Purvi Champaran,RADHA MOHAN SINGH,Bharatiya Janata Party,542193,DR RAJESH KUMAR,Vikassheel Insaan Party,453906,88287
23,Bihar,Sheohar,LOVELY ANAND,Janata Dal  (United),476612,RITU JAISWAL,Rashtriya Janata Dal,447469,29143
24,Bihar,Sitamarhi,DEVESH CHANDRA THAKUR,Janata Dal  (United),515719,ARJUN RAY,Rashtriya Janata Dal,464363,51356
25,Bihar,Madhubani,ASHOK KUMAR YADAV,Bharatiya Janata Party,553428,MD ALI ASHRAF FATMI,Rashtriya Janata Dal,401483,151945
26,Bihar,Jhanjharpur,RAMPRIT MANDAL,Janata Dal  (United),533032,SUMAN KUMAR MAHASETH,Vikassheel Insaan Party,348863,184169
27,Bihar,Supaul,DILESHWAR KAMAIT,Janata Dal  (United),595038,CHANDRAHAS CHAUPAL,Rashtriya Janata Dal,425235,169803
28,Bihar,Araria,PRADEEP KUMAR SINGH,Bharatiya Janata Party,600146,SHAHNAWAZ,Rashtriya Janata Dal,580052,20094
29,Goa,North Goa,SHRIPAD YESSO NAIK,Bharatiya Janata Party,257326,RAMAKANT KHALAP,Indian National Congress,141311,116015
30,Goa,South Goa,CAPTAIN  VIRIATO FERNANDES,Indian National Congress,217836,PALLAVI SHRINIVAS DEMPO,Bharatiya Janata Party,204301,13535
31,Gujarat,Kachchh,CHAVDA VINOD LAKHAMSHI,Bharatiya Janata Party,659574,NITESH PARBATBHAI LALAN (MATANG),Indian National Congress,390792,268782
32,Gujarat,Banaskantha,GENIBEN NAGAJI THAKOR,Indian National Congress,671883,DR. REKHABEN HITESHBHAI CHAUDHARI,Bharatiya Janata Party,641477,30406
33,Gujarat,Patan,DABHI  BHARATSINHJI  SHANKARJI,Bharatiya Janata Party,591947,CHANDANJI TALAJI THAKOR,Indian National Congress,560071,31876
34,Gujarat,Mahesana,HARIBHAI PATEL,Bharatiya Janata Party,686406,RAMJI THAKOR,Indian National Congress,358360,328046
35,Gujarat,Sabarkantha,SHOBHANABEN MAHENDRASINH BARAIYA,Bharatiya Janata Party,677318,CHAUDHARI TUSHAR AMARSINH,Indian National Congress,521636,155682
36,Gujarat,Gandhinagar,AMIT SHAH,Bharatiya Janata Party,1010972,SONAL RAMANBHAI PATEL,Indian National Congress,266256,744716
37,Gujarat,Ahmedabad East,HASMUKHBHAI PATEL (H.S.PATEL),Bharatiya Janata Party,770459,HIMMATSINH PRAHLADSINH PATEL,Indian National Congress,308704,461755
38,Gujarat,Ahmedabad West,DINESHBHAI MAKWANA (ADVOCATE),Bharatiya Janata Party,611704,BHARAT YOGENDRA MAKWANA,Indian National Congress,325267,286437
39,Gujarat,Surendranagar,CHANDUBHAI CHHAGANBHAI SHIHORA,Bharatiya Janata Party,669749,RUTVIKBHAI LAVJIBHAI MAKWANA,Indian National Congress,408132,261617
40,Haryana,AMBALA,VARUN CHAUDHRY,Indian National Congress,663657,BANTO KATARIA,Bharatiya Janata Party,614621,49036
41,Haryana,KURUKSHETRA,NAVEEN JINDAL,Bharatiya Janata Party,542175,DR SUSHIL GUPTA,Aam Aadmi Party,513154,29021
42,Haryana,SIRSA,SELJA,Indian National Congress,733823,ASHOK TANWAR,Bharatiya Janata Party,465326,268497
43,Haryana,HISAR,JAI PARKASH (J P) S/O HARIKESH,Indian National Congress,570424,RANJIT SINGH,Bharatiya Janata Party,507043,63381
44,Haryana,KARNAL,MANOHAR LAL,Bharatiya Janata Party,739285,DIVYANSHU BUDHIRAJA,Indian National Congress,506708,232577
45,Haryana,SONIPAT,SATPAL BRAHAMCHARI,Indian National Congress,548682,MOHAN LAL BADOLI,Bharatiya Janata Party,526866,21816
46,Haryana,ROHTAK,DEEPENDER SINGH HOODA,Indian National Congress,783578,DR. ARVIND KUMAR SHARMA,Bharatiya Janata Party,438280,345298
47,Haryana,BHIWANI-MAHENDRAGARH,DHARAMBIR SINGH,Bharatiya Janata Party,588664,RAO DAN SINGH,Indian National Congress,547154,41510
48,Haryana,GURGAON,RAO INDERJIT SINGH,Bharatiya Janata Party,808336,RAJ BABBAR,Indian National Congress,733257,75079
49,Himachal Pradesh,KANGRA,DR RAJEEV BHARDWAJ,Bharatiya Janata Party,632793,ANAND SHARMA,Indian National Congress,380898,251895
50,Himachal Pradesh,MANDI,KANGNA RANAUT,Bharatiya Janata Party,537022,VIKRAMADITYA SINGH,Indian National Congress,462267,74755
51,Himachal Pradesh,HAMIRPUR,ANURAG SINGH THAKUR,Bharatiya Janata Party,607068,SATPAL RAIZADA,Indian National Congress,424711,182357
52,Himachal Pradesh,SHIMLA,Suresh Kumar Kashyap,Bharatiya Janata Party,519748,Vinod Sultanpuri,Indian National Congress,428297,91451
53,Karnataka,Chikkodi,PRIYANKA SATISH JARKIHOLI,Indian National Congress,713461,ANNASAHEB SHANKAR JOLLE,Bharatiya Janata Party,622627,90834
54,Karnataka,Belgaum,JAGADISH SHETTAR,Bharatiya Janata Party,762029,MRINAL R HEBBALKAR,Indian National Congress,583592,178437
55,Karnataka,Bagalkot,GADDIGOUDAR. PARVATAGOUDA. CHANDANAGOUDA.,Bharatiya Janata Party,671039,SAMYUKTA SHIVANAND PATIL,Indian National Congress,602640,68399
56,Karnataka,Bijapur,RAMESH JIGAJINAGI,Bharatiya Janata Party,672781,RAJU ALAGUR.,Indian National Congress,595552,77229
57,Karnataka,Gulbarga,RADHAKRISHNA,Indian National Congress,652321,DR. UMESH G JADHAV,Bharatiya Janata Party,625116,27205
58,Karnataka,Raichur,G. KUMAR NAIK.,Indian National Congress,670966,RAJA AMARESHWARA NAIK.,Bharatiya Janata Party,591185,79781
59,Karnataka,Bidar,SAGAR ESHWAR KHANDRE,Indian National Congress,666317,BHAGWANTH KHUBA,Bharatiya Janata Party,537442,128875
60,Karnataka,Koppal,K. RAJASHEKAR BASAVARAJ HITNAL,Indian National Congress,663511,DR . BASAVARAJ. K. SHARANAPPA,Bharatiya Janata Party,617154,46357
61,Karnataka,Bellary,E. TUKARAM,Indian National Congress,730845,B. SREERAMULU,Bharatiya Janata Party,631853,98992
62,Kerala,Kasaragod,RAJMOHAN UNNITHAN,Indian National Congress,490659,M.V BALAKRISHNAN MASTER,Communist Party of India  (Marxist),390010,100649
63,Kerala,Kannur,K. SUDHAKARAN,Indian National Congress,518524,M.V. JAYARAJAN,Communist Party of India  (Marxist),409542,108982
64,Kerala,Vadakara,SHAFI PARAMBIL,Indian National Congress,557528,K K SHAILAJA TEACHER,Communist Party of India  (Marxist),443022,114506
65,Kerala,Wayanad,RAHUL GANDHI,Indian National Congress,647445,ANNIE RAJA,Communist Party of India,283023,364422
66,Kerala,Kozhikode,M. K. RAGHAVAN,Indian National Congress,520421,ELAMARAM KAREEM,Communist Party of India  (Marxist),374245,146176
67,Kerala,Malappuram,E.T.  MOHAMMED BASHEER,Indian Union Muslim League,644006,V. VASEEF,Communist Party of India  (Marxist),343888,300118
68,Kerala,Ponnani,DR. M.P ABDUSSAMAD SAMADANI,Indian Union Muslim League,562516,K.S HAMZA,Communist Party of India  (Marxist),326756,235760
69,Kerala,Palakkad,V K SREEKANDAN,Indian National Congress,421169,A VIJAYARAGHAVAN,Communist Party of India  (Marxist),345886,75283
70,Kerala,Alathur,K.RADHAKRISHNAN,Communist Party of India  (Marxist),403447,RAMYA HARIDAS,Indian National Congress,383336,20111
71,Madhya Pradesh,MORENA,SHIVMANGAL SINGH TOMAR,Bharatiya Janata Party,515477,NEETU SATYAPAL SINGH SIKARWAR,Indian National Congress,462947,52530
72,Madhya Pradesh,BHIND,SANDHYA RAY,Bharatiya Janata Party,537065,PHOOL SINGH BARAIYA,Indian National Congress,472225,64840
73,Madhya Pradesh,GWALIOR,BHARAT SINGH KUSHWAH,Bharatiya Janata Party,671535,PRAVEEN PATHAK,Indian National Congress,601325,70210
74,Madhya Pradesh,GUNA,JYOTIRADITYA M. SCINDIA,Bharatiya Janata Party,923302,YADVENDRA RAO DESHRAJ SINGH,Indian National Congress,382373,540929
75,Madhya Pradesh,SAGAR,DR. LATA WANKHEDE,Bharatiya Janata Party,787979,CHANDRA BHUSAN SINGH BUNDELA 'GUDDU RAJA',Indian National Congress,316757,471222
76,Madhya Pradesh,TIKAMGARH,DR. VIRENDRA KUMAR,Bharatiya Janata Party,715050,KHUMAN URF PANKAJ AHIRWAR,Indian National Congress,311738,403312
77,Madhya Pradesh,DAMOH,RAHUL SINGH LODHI,Bharatiya Janata Party,709768,TARBAR SINGH LODHI (BANTU BHAIYA),Indian National Congress,303342,406426
78,Madhya Pradesh,KHAJURAHO,VISHNU DATT SHARMA (V.D.SHARMA),Bharatiya Janata Party,772774,KAMLESH KUMAR,Bahujan Samaj Party,231545,541229
79,Madhya Pradesh,SATNA,GANESH SINGH,Bharatiya Janata Party,459728,DABBU SIDDHARTH SUKHLAL KUSHWAHA,Indian National Congress,374779,84949
80,Maharashtra,Nandurbar,ADV GOWAAL KAGADA PADAVI,Indian National Congress,745998,DR HEENA VIJAYKUMAR GAVIT,Bharatiya Janata Party,586878,159120
81,Maharashtra,Dhule,BACHHAV SHOBHA DINESH,Indian National Congress,583866,BHAMRE SUBHASH RAMRAO,Bharatiya Janata Party,580035,3831
82,Maharashtra,Jalgaon,SMITA UDAY WAGH,Bharatiya Janata Party,674428,KARAN BALASAHEB PATIL - PAWAR,Shiv Sena (Uddhav Balasaheb Thackrey),422834,251594
83,Maharashtra,Raver,KHADSE RAKSHA NIKHIL,Bharatiya Janata Party,630879,SHRIRAM DAYARAM PATIL,Nationalist Congress Party – Sharadchandra Pawar,358696,272183
84,Maharashtra,Buldhana,JADHAV PRATAPRAO GANPATRAO,Shiv Sena,349867,NARENDRA DAGDU KHEDEKAR,Shiv Sena (Uddhav Balasaheb Thackrey),320388,29479
85,Maharashtra,Akola,ANUP SANJAY DHOTRE,Bharatiya Janata Party,457030,ABHAY KASHINATH PATIL,Indian National Congress,416404,40626
86,Maharashtra,Amravati,BALWANT BASWANT WANKHADE,Indian National Congress,526271,NAVNEET RAVI RANA,Bharatiya Janata Party,506540,19731
87,Maharashtra,Wardha,AMAR SHARADRAO KALE,Nationalist Congress Party – Sharadchandra Pawar,533106,RAMDAS CHANDRABHAN TADAS,Bharatiya Janata Party,451458,81648
88,Maharashtra,Ramtek,Shyamkumar (Babalu) Daulat Barve,Indian National Congress,613025,RAJU DEONATH PARVE,Shiv Sena,536257,76768
89,Manipur,Inner Manipur,ANGOMCHA BIMOL AKOIJAM,Indian National Congress,374017,THOUNAOJAM BASANTA KUMAR SINGH,Bharatiya Janata Party,264216,109801
90,Manipur,Outer Manipur,ALFRED KANNGAM S ARTHUR,Indian National Congress,384954,KACHUI TIMOTHY ZIMIK,Naga Peoples Front,299536,85418
91,Meghalaya,Shillong,DR. RICKY ANDREW J. SYNGKON,Voice of the People Party,571078,VINCENT H. PALA,Indian National Congress,199168,371910
92,Meghalaya,Tura,SALENG A SANGMA,Indian National Congress,383919,AGATHA K SANGMA,National People's Party,228678,155241
93,Mizoram,MIZORAM,RICHARD VANLALHMANGAIHA,Zoram People’s Movement,208552,K VANLALVENA,Mizo National Front,140264,68288
94,Nagaland,Nagaland,S SUPONGMEREN JAMIR,Indian National Congress,401951,DR CHUMBEN MURRY,Nationalist Democratic Progressive Party,350967,50984
95,Odisha,Bargarh,PRADEEP PUROHIT,Bharatiya Janata Party,716359,PARINITA MISHRA,Biju Janata Dal,464692,251667
96,Odisha,Sundargarh,JUAL ORAM,Bharatiya Janata Party,494282,DILIP KUMAR TIRKEY,Biju Janata Dal,355474,138808
97,Odisha,Sambalpur,DHARMENDRA PRADHAN,Bharatiya Janata Party,592162,PRANAB PRAKASH DAS,Biju Janata Dal,472326,119836
98,Odisha,Keonjhar,ANANTA NAYAK,Bharatiya Janata Party,573923,DHANURJAYA SIDU,Biju Janata Dal,476881,97042
99,Odisha,Mayurbhanj,NABA CHARAN MAJHI,Bharatiya Janata Party,585971,SUDAM MARNDI,Biju Janata Dal,366637,219334
100,Odisha,Balasore,PRATAP CHANDRA SARANGI,Bharatiya Janata Party,563865,LEKHASRI SAMANTSINGHAR,Biju Janata Dal,416709,147156
101,Odisha,Bhadrak,AVIMANYU SETHI,Bharatiya Janata Party,573319,MANJULATA MANDAL,Biju Janata Dal,481775,91544
102,Odisha,Jajpur,RABINDRA NARAYAN BEHERA,Bharatiya Janata Party,534239,SARMISTHA SETHI,Biju Janata Dal,532652,1587
103,Odisha,Dhenkanal,RUDRA NARAYAN PANY,Bharatiya Janata Party,598721,ABINASH SAMAL,Biju Janata Dal,522154,76567
104,Punjab,Gurdaspur,SUKHJINDER SINGH RANDHAWA,Indian National Congress,364043,DINESH SINGH BABBU,Bharatiya Janata Party,281182,82861
105,Punjab,Amritsar,GURJEET SINGH AUJLA,Indian National Congress,255181,KULDEEP SINGH DHALIWAL,Aam Aadmi Party,214880,40301
106,Punjab,Khadoor Sahib,AMRITPAL SINGH,Independent,404430,KULBIR SINGH ZIRA,Indian National Congress,207310,197120
107,Punjab,Jalandhar,CHARANJIT SINGH CHANNI,Indian National Congress,390053,SUSHIL KUMAR RINKU,Bharatiya Janata Party,214060,175993
108,Punjab,Hoshiarpur,DR. RAJ KUMAR CHABBEWAL,Aam Aadmi Party,303859,YAMINI GOMAR,Indian National Congress,259748,44111
109,Punjab,Anandpur Sahib,MALVINDER SINGH KANG,Aam Aadmi Party,313217,VIJAY INDER SINGLA,Indian National Congress,302371,10846
110,Punjab,Ludhiana,AMRINDER SINGH RAJA WARRING,Indian National Congress,322224,RAVNEET SINGH BITTU,Bharatiya Janata Party,301282,20942
111,Punjab,Fatehgarh Sahib,AMAR SINGH,Indian National Congress,332591,GURPREET SINGH GP,Aam Aadmi Party,298389,34202
112,Punjab,Faridkot,SARABJEET SINGH KHALSA,Independent,298062,KARAMJIT SINGH ANMOL,Aam Aadmi Party,228009,70053
113,Rajasthan,GANGANAGAR,KULDEEP INDORA,Indian National Congress,726492,PRIYANKA BALAN MEGHWAL,Bharatiya Janata Party,638339,88153
114,Rajasthan,BIKANER,ARJUN RAM MEGHWAL,Bharatiya Janata Party,566737,GOVINDRAM MEGHWAL,Indian National Congress,511026,55711
115,Rajasthan,CHURU,RAHUL KASWAN,Indian National Congress,728211,DEVENDRA JHAJHARIA,Bharatiya Janata Party,655474,72737
116,Rajasthan,JHUNJHUNU,BRIJENDRA SINGH OLA,Indian National Congress,553168,SHUBHKARAN CHOUDHARY,Bharatiya Janata Party,534933,18235
117,Rajasthan,SIKAR,AMRARAM,Communist Party of India  (Marxist),659300,SUMEDHANAND SARASWATI,Bharatiya Janata Party,586404,72896
118,Rajasthan,JAIPUR RURAL,RAO RAJENDRA SINGH,Bharatiya Janata Party,617877,ANIL CHOPRA,Indian National Congress,616262,1615
119,Rajasthan,JAIPUR,MANJU SHARMA,Bharatiya Janata Party,886850,PRATAP SINGH KHACHARIYAWAS,Indian National Congress,555083,331767
120,Rajasthan,ALWAR,BHUPENDER YADAV,Bharatiya Janata Party,631992,LALIT YADAV,Indian National Congress,583710,48282
121,Rajasthan,BHARATPUR,SANJNA JATAV,Indian National Congress,579890,RAMSWAROOP KOLI,Bharatiya Janata Party,527907,51983
122,Sikkim,Sikkim,INDRA HANG SUBBA,Sikkim Krantikari Morcha,164396,BHARAT BASNETT,Citizen Action Party-Sikkim,83566,80830
123,Tamil Nadu,TIRUVALLUR,Sasikanth Senthil,Indian National Congress,796956,"Balaganapathy, V. Pon",Bharatiya Janata Party,224801,572155
124,Tamil Nadu,CHENNAI NORTH,DR.KALANIDHI VEERASWAMY,Dravida Munnetra Kazhagam,497333,R. MANOHAR,All India Anna Dravida Munnetra Kazhagam,158111,339222
125,Tamil Nadu,CHENNAI SOUTH,T.SUMATHY (ALIAS) THAMIZHACHI THANGAPANDIAN,Dravida Munnetra Kazhagam,516628,DR.TAMILISAI SOUNDARARAJAN,Bharatiya Janata Party,290683,225945
126,Tamil Nadu,CHENNAI CENTRAL,DAYANIDHI MARAN,Dravida Munnetra Kazhagam,413848,VINOJ,Bharatiya Janata Party,169159,244689
127,Tamil Nadu,SRIPERUMBUDUR,T R BAALU,Dravida Munnetra Kazhagam,758611,G PREMKUMAR,All India Anna Dravida Munnetra Kazhagam,271582,487029
128,Tamil Nadu,KANCHEEPURAM,SELVAM. G,Dravida Munnetra Kazhagam,586044,RAJASEKAR. E,All India Anna Dravida Munnetra Kazhagam,364571,221473
129,Tamil Nadu,ARAKKONAM,S JAGATHRATCHAKAN,Dravida Munnetra Kazhagam,563216,L VIJAYAN,All India Anna Dravida Munnetra Kazhagam,256657,306559
130,Tamil Nadu,VELLORE,DM KATHIR ANAND,Dravida Munnetra Kazhagam,568692,AC SHANMUGAM,Bharatiya Janata Party,352990,215702
131,Tamil Nadu,KRISHNAGIRI,GOPINATH K,Indian National Congress,492883,JAYAPRAKASH V,All India Anna Dravida Munnetra Kazhagam,300397,192486
132,Tripura,Tripura West,BIPLAB KUMAR DEB,Bharatiya Janata Party,881341,ASISH KUMAR SAHA,Indian National Congress,269763,611578
133,Tripura,Tripura East,KRITI DEVI DEBBARMAN,Bharatiya Janata Party,777447,RAJENDRA REANG,Communist Party of India  (Marxist),290628,486819
134,Uttar Pradesh,Saharanpur,IMRAN MASOOD,Indian National Congress,547967,RAGHAV LAKHANPAL,Bharatiya Janata Party,483425,64542
135,Uttar Pradesh,Kairana,IQRA CHOUDHARY,Samajwadi Party,528013,PRADEEP KUMAR,Bharatiya Janata Party,458897,69116
136,Uttar Pradesh,Muzaffarnagar,HARENDRA SINGH MALIK,Samajwadi Party,470721,SANJEEV KUMAR BALYAN,Bharatiya Janata Party,446049,24672
137,Uttar Pradesh,Bijnor,CHANDAN CHAUHAN,Rashtriya Lok Dal,404493,DEEPAK,Samajwadi Party,366985,37508
138,Uttar Pradesh,Nagina,CHANDRASHEKHAR,Aazad Samaj Party (Kanshi Ram),512552,OM KUMAR,Bharatiya Janata Party,361079,151473
139,Uttar Pradesh,Moradabad,RUCHI VIRA,Samajwadi Party,637363,KUNWAR SARVESH KUMAR,Bharatiya Janata Party,531601,105762
140,Uttar Pradesh,Rampur,MOHIBBULLAH,Samajwadi Party,481503,GHANSHYAM SINGH LODHI,Bharatiya Janata Party,394069,87434
141,Uttar Pradesh,Sambhal,ZIA UR REHMAN,Samajwadi Party,571161,PARMESHWAR LAL SAINI,Bharatiya Janata Party,449667,121494
142,Uttar Pradesh,Amroha,KANWAR SINGH TANWAR,Bharatiya Janata Party,476506,KUNWAR DANISH ALI,Indian National Congress,447836,28670
143,West Bengal,Coochbehar,JAGADISH CHANDRA BARMA BASUNIA,All India Trinamool Congress,788375,NISITH PRAMANIK,Bharatiya Janata Party,749125,39250
144,West Bengal,Alipurduars,MANOJ TIGGA,Bharatiya Janata Party,695314,PRAKASH CHIK BARAIK,All India Trinamool Congress,619867,75447
145,West Bengal,Jalpaiguri,DR JAYANTA KUMAR ROY,Bharatiya Janata Party,766568,NIRMAL CHANDRA ROY,All India Trinamool Congress,679875,86693
146,West Bengal,Darjeeling,RAJU BISTA,Bharatiya Janata Party,679331,GOPAL LAMA,All India Trinamool Congress,500806,178525
147,West Bengal,Raiganj,KARTICK CHANDRA PAUL,Bharatiya Janata Party,560897,KALYANI KRISHNA,All India Trinamool Congress,492700,68197
148,West Bengal,Balurghat,SUKANTA MAJUMDAR,Bharatiya Janata Party,574996,BIPLAB MITRA,All India Trinamool Congress,564610,10386
149,West Bengal,Maldaha Uttar,KHAGEN MURMU,Bharatiya Janata Party,527023,PRASUN BANERJEE,All India Trinamool Congress,449315,77708
150,West Bengal,Maldaha Dakshin,ISHA KHAN CHOUDHURY,Indian National Congress,572395,SREERUPA MITRA CHAUDHURY (NIRBHAYA DIDI),Bharatiya Janata Party,444027,128368
151,West Bengal,Jangipur,KHALILUR RAHAMAN,All India Trinamool Congress,544427,MURTOJA HOSSAIN BOKUL,Indian National Congress,427790,116637
152,Chhattisgarh,SURGUJA,CHINTAMANI MAHARAJ,Bharatiya Janata Party,713200,SHASHI SINGH KORAM,Indian National Congress,648378,64822
153,Chhattisgarh,RAIGARH,RADHESHYAM RATHIYA,Bharatiya Janata Party,808275,DR. MENKA DEVI SINGH,Indian National Congress,567884,240391
154,Chhattisgarh,JANJGIR-CHAMPA,KAMLESH JANGDE,Bharatiya Janata Party,678199,DR. SHIVKUMAR DAHARIYA,Indian National Congress,618199,60000
155,Chhattisgarh,KORBA,JYOTSNA CHARANDAS MAHANT,Indian National Congress,570182,SAROJ PANDEY,Bharatiya Janata Party,526899,43283
156,Chhattisgarh,BILASPUR,TOKHAN SAHU,Bharatiya Janata Party,724937,DEVENDRA YADAV,Indian National Congress,560379,164558
157,Chhattisgarh,RAJNANDGAON,SANTOSH PANDEY,Bharatiya Janata Party,712057,BHUPESH BAGHEL,Indian National Congress,667646,44411
158,Chhattisgarh,DURG,VIJAY BAGHEL,Bharatiya Janata Party,956497,RAJENDRA SAHU,Indian National Congress,518271,438226
159,Chhattisgarh,RAIPUR,BRIJMOHAN AGRAWAL,Bharatiya Janata Party,1050351,VIKAS UPADHYAY,Indian National Congress,475066,575285
160,Chhattisgarh,MAHASAMUND,ROOP KUMARI CHOUDHARY,Bharatiya Janata Party,703659,TAMRADHWAJ SAHU,Indian National Congress,558203,145456
161,Jharkhand,Rajmahal,VIJAY KUMAR HANSDAK,Jharkhand Mukti Morcha,613371,TALA MARANDI,Bharatiya Janata Party,435107,178264
162,Jharkhand,Dumka,NALIN SOREN,Jharkhand Mukti Morcha,547370,SITA MURMU,Bharatiya Janata Party,524843,22527
163,Jharkhand,Godda,NISHIKANT DUBEY,Bharatiya Janata Party,693140,PRADEEP YADAV,Indian National Congress,591327,101813
164,Jharkhand,Chatra,KALI CHARAN SINGH,Bharatiya Janata Party,574556,KRISHNA NAND TRIPATHI,Indian National Congress,353597,220959
165,Jharkhand,Kodarma,ANNPURNA DEVI,Bharatiya Janata Party,791657,VINOD KUMAR SINGH,Communist Party of India  (Marxist-Leninist)  (Liberation),414643,377014
166,Jharkhand,Giridih,CHANDRA PRAKASH CHOUDHARY,AJSU Party,451139,MATHURA PRASAD MAHATO,Jharkhand Mukti Morcha,370259,80880
167,Jharkhand,Dhanbad,DULU MAHATO,Bharatiya Janata Party,789172,ANUPAMA SINGH,Indian National Congress,457589,331583
168,Jharkhand,Ranchi,SANJAY SETH,Bharatiya Janata Party,664732,YASHASWINI SAHAY,Indian National Congress,544220,120512
169,Jharkhand,Jamshedpur,BIDYUT BARAN MAHATO,Bharatiya Janata Party,726174,SAMIR KUMAR MOHANTY,Jharkhand Mukti Morcha,466392,259782
170,Uttarakhand,Tehri Garhwal,MALA RAJYA LAKSHMI SHAH,Bharatiya Janata Party,462603,JOT SINGH GUNSOLA,Indian National Congress,190110,272493
171,Uttarakhand,Garhwal,ANIL BALUNI,Bharatiya Janata Party,432159,GANESH GODIYAL,Indian National Congress,268656,163503
172,Uttarakhand,Almora,AJAY TAMTA,Bharatiya Janata Party,429167,PRADEEP TAMTA,Indian National Congress,195070,234097
173,Uttarakhand,Nainital-Udhamsingh Nagar,AJAY BHATT,Bharatiya Janata Party,772671,PRAKASH JOSHI,Indian National Congress,438123,334548
174,Uttarakhand,Haridwar,TRIVENDRA SINGH RAWAT,Bharatiya Janata Party,653808,VIRENDRA RAWAT,Indian National Congress,489752,164056
175,Telangana,Adilabad,GODAM NAGESH,Bharatiya Janata Party,568168,ATHRAM SUGUNA,Indian National Congress,477516,90652
176,Telangana,Peddapalle,VAMSI KRISHNA GADDAM,Indian National Congress,475587,SRINIVAS GOMASE,Bharatiya Janata Party,344223,131364
177,Telangana,Karimnagar,BANDI SANJAY KUMAR,Bharatiya Janata Party,585116,VELCHALA RAJENDER RAO,Indian National Congress,359907,225209
178,Telangana,Nizamabad,ARVIND DHARMAPURI,Bharatiya Janata Party,592318,JEEVANREDDY THATIPARTHI,Indian National Congress,483077,109241
179,Telangana,Zahirabad,SURESH KUMAR SHETKAR,Indian National Congress,528418,B. B. PATIL,Bharatiya Janata Party,482230,46188
180,Telangana,Medak,MADHAVANENI RAGHUNANDAN RAO,Bharatiya Janata Party,471217,NEELAM MADHU,Indian National Congress,432078,39139
181,Telangana,Malkajgiri,EATALA RAJENDER,Bharatiya Janata Party,991042,PATNAM SUNEETHA MAHENDER REDDY,Indian National Congress,599567,391475
182,Telangana,Secunderabad,G. KISHAN REDDY,Bharatiya Janata Party,473012,DANAM NAGENDER,Indian National Congress,423068,49944
183,Telangana,Hyderabad,ASADUDDIN OWAISI,All India Majlis-E-Ittehadul Muslimeen,661981,MADHAVI LATHA KOMPELLA,Bharatiya Janata Party,323894,338087
184,Karnataka,Haveri,BASAVARAJ BOMMAI,Bharatiya Janata Party,705538,ANANDSWAMY GADDADEVARMATH,Indian National Congress,662025,43513
185,Karnataka,Dharwad,PRALHAD JOSHI,Bharatiya Janata Party,716231,VINOD ASOOTI,Indian National Congress,618907,97324
186,Karnataka,Uttara Kannada,VISHWESHWAR HEGDE KAGERI,Bharatiya Janata Party,782495,DR. ANJALI NIMBALKAR,Indian National Congress,445067,337428
187,Karnataka,Davanagere,DR. PRABHA MALLIKARJUN,Indian National Congress,633059,GAYITHRI SIDDESHWARA,Bharatiya Janata Party,606965,26094
188,Karnataka,Shimoga,B.Y.RAGHAVENDRA,Bharatiya Janata Party,778721,GEETHA SHIVARAJKUMAR,Indian National Congress,535006,243715
189,Karnataka,Udupi Chikmagalur,KOTA SRINIVAS POOJARY,Bharatiya Janata Party,732234,K. JAYAPRAKASH HEGDE,Indian National Congress,473059,259175
190,Karnataka,Hassan,SHREYAS. M. PATEL,Indian National Congress,672988,PRAJWAL REVANNA,Janata Dal  (Secular),630339,42649
191,Karnataka,Dakshina Kannada,CAPTAIN BRIJESH CHOWTA,Bharatiya Janata Party,764132,PADMARAJ.R.POOJARY,Indian National Congress,614924,149208
192,Karnataka,Chitradurga,GOVIND MAKTHAPPA KARJOL,Bharatiya Janata Party,684890,B.N.CHANDRAPPA,Indian National Congress,636769,48121
193,Karnataka,Tumkur,V. SOMANNA,Bharatiya Janata Party,720946,S.P. MUDDAHANUMEGOWDA,Indian National Congress,545352,175594
194,Karnataka,Mandya,H.D. KUMARASWAMY,Janata Dal  (Secular),851881,VENKATARAMANE GOWDA (STAR CHANDRU),Indian National Congress,567261,284620
195,Karnataka,Mysore,YADUVEER KRISHNADATTA CHAMARAJA WADIYAR,Bharatiya Janata Party,795503,M. LAKSHMANA,Indian National Congress,656241,139262
196,Karnataka,Chamarajanagar,SUNIL BOSE,Indian National Congress,751671,BALARAJ.S,Bharatiya Janata Party,562965,188706
197,Karnataka,Bangalore Rural,DR C N MANJUNATH,Bharatiya Janata Party,1079002,D K SURESH,Indian National Congress,809355,269647
198,Karnataka,Bangalore North,SHOBHA KARANDLAJE,Bharatiya Janata Party,986049,PROFESSOR M.V RAJEEV GOWDA,Indian National Congress,726573,259476
199,Karnataka,Bangalore central,P C MOHAN,Bharatiya Janata Party,658915,MANSOOR ALI KHAN,Indian National Congress,626208,32707
200,Karnataka,Bangalore South,TEJASVI SURYA,Bharatiya Janata Party,750830,SOWMYA REDDY,Indian National Congress,473747,277083
201,Karnataka,Chikkballapur,DR.K.SUDHAKAR,Bharatiya Janata Party,822619,M.S. RAKSHA RAMAIAH,Indian National Congress,659159,163460
202,Karnataka,Kolar,M. MALLESH BABU,Janata Dal  (Secular),691481,K V GOWTHAM,Indian National Congress,620093,71388
203,Kerala,Thrissur,SURESH GOPI,Bharatiya Janata Party,412338,ADV V S SUNILKUMAR,Communist Party of India,337652,74686
204,Kerala,Chalakudy,BENNY BEHANAN,Indian National Congress,394171,PROF C RAVEENDRANATH,Communist Party of India  (Marxist),330417,63754
205,Kerala,Ernakulam,HIBI EDEN,Indian National Congress,482317,K. J. SHINE TEACHER,Communist Party of India  (Marxist),231932,250385
206,Kerala,Idukki,ADV. DEAN KURIAKOSE,Indian National Congress,432372,ADV. JOICE GEORGE,Communist Party of India  (Marxist),298645,133727
207,Kerala,Kottayam,ADV K FRANCIS GEORGE,Kerala Congress,364631,THOMAS CHAZHIKADAN,Kerala Congress  (M),277365,87266
208,Kerala,Alappuzha,K. C VENUGOPAL,Indian National Congress,404560,A. M ARIFF,Communist Party of India  (Marxist),341047,63513
209,Kerala,Mavelikkara,KODIKUNNIL SURESH,Indian National Congress,369516,ADV ARUN KUMAR C A,Communist Party of India,358648,10868
210,Kerala,Pathanamthitta,ANTO ANTONY,Indian National Congress,367623,DR.T.M.THOMAS ISSAC,Communist Party of India  (Marxist),301504,66119
211,Kerala,Kollam,N K PREMACHANDRAN,Revolutionary Socialist Party,443628,M MUKESH,Communist Party of India  (Marxist),293326,150302
212,Kerala,Attingal,ADV ADOOR PRAKASH,Indian National Congress,328051,V JOY,Communist Party of India  (Marxist),327367,684
213,Kerala,Thiruvananthapuram,SHASHI THAROOR,Indian National Congress,358155,RAJEEV CHANDRASEKHAR,Bharatiya Janata Party,342078,16077
214,Madhya Pradesh,REWA,JANARDAN MISHRA,Bharatiya Janata Party,477459,NEELAM ABHAY MISHRA,Indian National Congress,284085,193374
215,Madhya Pradesh,SIDHI,DR. RAJESH MISHRA,Bharatiya Janata Party,583559,KAMLESHWAR INDRAJIT KUMAR,Indian National Congress,377143,206416
216,Madhya Pradesh,SHAHDOL,SMT. HIMADRI SINGH,Bharatiya Janata Party,711143,PHUNDE LAL SINGH MARKO,Indian National Congress,313803,397340
217,Madhya Pradesh,JABALPUR,ASHISH DUBEY,Bharatiya Janata Party,790133,DINESH YADAV,Indian National Congress,303459,486674
218,Madhya Pradesh,MANDLA,FAGGAN SINGH KULASTE,Bharatiya Janata Party,751375,OMKAR SINGH MARKAM,Indian National Congress,647529,103846
219,Madhya Pradesh,BALAGHAT,BHARTI PARDHI,Bharatiya Janata Party,712660,SAMRAT ASHOK SINGH SARASWAR,Indian National Congress,538148,174512
220,Madhya Pradesh,CHHINDWARA,BUNTY VIVEK SAHU,Bharatiya Janata Party,644738,NAKUL KAMALNATH,Indian National Congress,531120,113618
221,Madhya Pradesh,HOSHANGABAD,DARSHAN SINGH CHOUDHARY,Bharatiya Janata Party,812147,SANJAY SHARMA SANJU BHAIYA,Indian National Congress,380451,431696
222,Madhya Pradesh,VIDISHA,SHIVRAJ SINGH CHOUHAN,Bharatiya Janata Party,1116460,PRATAPBHANU SHARMA,Indian National Congress,295052,821408
223,Madhya Pradesh,BHOPAL,ALOK SHARMA,Bharatiya Janata Party,981109,ADVOCATE ARUN SHRIVASTAVA,Indian National Congress,479610,501499
224,Madhya Pradesh,RAJGARH,RODMAL NAGAR,Bharatiya Janata Party,758743,DIGVIJAYA SINGH,Indian National Congress,612654,146089
225,Madhya Pradesh,DEWAS,MAHENDRA SINGH SOLANKY,Bharatiya Janata Party,928941,RAJENDRA RADHAKISHAN MALVIYA,Indian National Congress,503716,425225
226,Madhya Pradesh,UJJAIN,ANIL FIROJIYA,Bharatiya Janata Party,836104,MAHESH PARMAR,Indian National Congress,460244,375860
227,Madhya Pradesh,MANDSOUR,SUDHEER GUPTA,Bharatiya Janata Party,945761,DILIP SINGH GURJAR,Indian National Congress,445106,500655
228,Madhya Pradesh,RATLAM,ANITA NAGARSINGH CHOUHAN,Bharatiya Janata Party,795863,KANTILAL BHURIA,Indian National Congress,588631,207232
229,Madhya Pradesh,DHAR,SAVITRI THAKUR,Bharatiya Janata Party,794449,RADHESHYAM MUVEL,Indian National Congress,575784,218665
230,Madhya Pradesh,INDORE,SHANKAR LALWANI,Bharatiya Janata Party,1226751,SANJAY S/O LAKSHMAN SOLANKI,Bahujan Samaj Party,51659,1008077
231,Madhya Pradesh,KHARGONE,GAJENDRA SINGH PATEL,Bharatiya Janata Party,819863,PORLAL BATHA KHARTE,Indian National Congress,684845,135018
232,Madhya Pradesh,KHANDWA,GYANESHWAR PATIL,Bharatiya Janata Party,862679,NARENDRA PATEL,Indian National Congress,592708,269971
233,Madhya Pradesh,BETUL,DURGADAS (D. D.) UIKEY,Bharatiya Janata Party,848236,RAMU TEKAM,Indian National Congress,468475,379761
234,Maharashtra,Nagpur,NITIN JAIRAM GADKARI,Bharatiya Janata Party,655027,VIKAS THAKRE,Indian National Congress,517424,137603
235,Maharashtra,Bhandara Gondiya,DR. PRASHANT YADAORAO PADOLE,Indian National Congress,587413,SUNIL BABURAO MENDHE,Bharatiya Janata Party,550033,37380
236,Maharashtra,Gadchiroli - Chimur,DR. KIRSAN  NAMDEO,Indian National Congress,617792,ASHOK  MAHADEORAO NETE,Bharatiya Janata Party,476096,141696
237,Maharashtra,Chandrapur,DHANORKAR PRATIBHA SURESH ALIAS BALUBHAU,Indian National Congress,718410,MUNGANTIWAR SUDHIR SACCHIDANAND,Bharatiya Janata Party,458004,260406
238,Maharashtra,Yavatmal- Washim,SANJAY UTTAMRAO DESHMUKH,Shiv Sena (Uddhav Balasaheb Thackrey),594807,RAJSHRITAI HEMANT PATIL (MAHALLE),Shiv Sena,500334,94473
239,Maharashtra,Hingoli,AASHTIKAR PATIL NAGESH BAPURAO,Shiv Sena (Uddhav Balasaheb Thackrey),492535,BABURAO KADAM KOHALIKAR,Shiv Sena,383933,108602
240,Maharashtra,Nanded,CHAVAN VASANTRAO BALWANTRAO,Indian National Congress,528894,CHIKHALIKAR PRATAPRAO GOVINDRAO,Bharatiya Janata Party,469452,59442
241,Maharashtra,Parbhani,JADHAV SANJAY ( BANDU ) HARIBHAU,Shiv Sena (Uddhav Balasaheb Thackrey),601343,JANKAR MAHADEV JAGANNATH,Rashtriya Samaj Paksha,467282,134061
242,Maharashtra,Jalna,KALYAN VAIJINATHRAO KALE,Indian National Congress,607897,DANVE RAOSAHEB DADARAO,Bharatiya Janata Party,497939,109958
243,Maharashtra,Aurangabad,BHUMARE SANDIPANRAO ASARAM,Shiv Sena,476130,IMTIAZ JALEEL SYED,All India Majlis-E-Ittehadul Muslimeen,341480,134650
244,Maharashtra,Dindori,BHASKAR MURLIDHAR BHAGARE,Nationalist Congress Party – Sharadchandra Pawar,577339,DR. BHARATI PRAVIN PAWAR,Bharatiya Janata Party,464140,113199
245,Maharashtra,Nashik,RAJABHAU (PARAG) PRAKASH WAJE,Shiv Sena (Uddhav Balasaheb Thackrey),616729,GODSE HEMANT TUKARAM,Shiv Sena,454728,162001
246,Maharashtra,Palghar,DR. HEMANT VISHNU SAVARA,Bharatiya Janata Party,601244,BHARTI BHARAT KAMDI,Shiv Sena (Uddhav Balasaheb Thackrey),417938,183306
247,Maharashtra,Bhiwandi,BALYA MAMA - SURESH GOPINATH MHATRE,Nationalist Congress Party – Sharadchandra Pawar,499464,KAPIL MORESHWAR PATIL,Bharatiya Janata Party,433343,66121
248,Maharashtra,Kalyan,DR SHRIKANT EKNATH SHINDE,Shiv Sena,589636,VAISHALI DAREKAR - RANE,Shiv Sena (Uddhav Balasaheb Thackrey),380492,209144
249,Maharashtra,Thane,NARESH GANPAT MHASKE,Shiv Sena,734231,RAJAN BABURAO VICHARE,Shiv Sena (Uddhav Balasaheb Thackrey),517220,217011
250,Maharashtra,Mumbai North,PIYUSH GOYAL,Bharatiya Janata Party,680146,BHUSHAN PATIL,Indian National Congress,322538,357608
251,Maharashtra,Mumbai North West,RAVINDRA DATTARAM WAIKAR,Shiv Sena,452644,AMOL GAJANAN KIRTIKAR,Shiv Sena (Uddhav Balasaheb Thackrey),452596,48
252,Maharashtra,Mumbai North East,SANJAY DINA PATIL,Shiv Sena (Uddhav Balasaheb Thackrey),450937,MIHIR CHANDRAKANT KOTECHA,Bharatiya Janata Party,421076,29861
253,Maharashtra,Mumbai North Central,GAIKWAD VARSHA EKNATH,Indian National Congress,445545,ADV UJWAL NIKAM,Bharatiya Janata Party,429031,16514
254,Maharashtra,Mumbai South Central,ANIL YESHWANT DESAI,Shiv Sena (Uddhav Balasaheb Thackrey),395138,RAHUL RAMESH SHEWALE,Shiv Sena,341754,53384
255,Maharashtra,Mumbai South,ARVIND GANPAT SAWANT,Shiv Sena (Uddhav Balasaheb Thackrey),395655,YAMINI YASHWANT JADHAV,Shiv Sena,342982,52673
256,Maharashtra,Raigad,TATKARE SUNIL DATTATREY,Nationalist Congress Party,508352,ANANT GEETE,Shiv Sena (Uddhav Balasaheb Thackrey),425568,82784
257,Maharashtra,Maval,SHRIRANG APPA CHANDU BARNE,Shiv Sena,692832,SANJOG BHIKU WAGHERE PATIL,Shiv Sena (Uddhav Balasaheb Thackrey),596217,96615
258,Maharashtra,Pune,MURLIDHAR MOHOL,Bharatiya Janata Party,584728,DHANGEKAR RAVINDRA HEMRAJ,Indian National Congress,461690,123038
259,Maharashtra,Baramati,SUPRIYA SULE,Nationalist Congress Party – Sharadchandra Pawar,732312,SUNETRA AJITDADA PAWAR,Nationalist Congress Party,573979,158333
260,Maharashtra,Shirur,DR. AMOL RAMSING KOLHE,Nationalist Congress Party – Sharadchandra Pawar,698692,ADHALRAO SHIVAJI DATTATREY,Nationalist Congress Party,557741,140951
261,Maharashtra,Ahmednagar,NILESH DNYANDEV LANKE,Nationalist Congress Party – Sharadchandra Pawar,624797,DR. SUJAY RADHAKRISHNA VIKHEPATIL,Bharatiya Janata Party,595868,28929
262,Maharashtra,Shirdi,BHAUSAHEB RAJARAM WAKCHAURE,Shiv Sena (Uddhav Balasaheb Thackrey),476900,LOKHANDE SADASHIV KISAN,Shiv Sena,426371,50529
263,Maharashtra,Beed,BAJRANG MANOHAR SONWANE,Nationalist Congress Party – Sharadchandra Pawar,683950,PANKAJA GOPINATHRAO MUNDE,Bharatiya Janata Party,677397,6553
264,Maharashtra,Osmanabad,OMPRAKASH BHUPALSINH ALIAS PAVAN RAJENIMBALKAR,Shiv Sena (Uddhav Balasaheb Thackrey),748752,ARCHANA RANAJAGJITSINH PATIL,Nationalist Congress Party,418906,329846
265,Maharashtra,Latur,DR. KALGE SHIVAJI BANDAPPA,Indian National Congress,609021,SUDHAKAR TUKARAM SHRANGARE,Bharatiya Janata Party,547140,61881
266,Maharashtra,Solapur,PRANITI SUSHILKUMAR SHINDE,Indian National Congress,620225,RAM VITTHAL SATPUTE,Bharatiya Janata Party,546028,74197
267,Maharashtra,Madha,MOHITE-PATIL DHAIRYASHEEL RAJSINH,Nationalist Congress Party – Sharadchandra Pawar,622213,RANJEETSINGH HINDURAO NAIK NIMBALKAR,Bharatiya Janata Party,501376,120837
268,Maharashtra,Sangli,VISHAL (DADA) PRAKASHBAPU PATIL,Independent,571666,SANJAY (KAKA) PATIL,Bharatiya Janata Party,471613,100053
269,Maharashtra,Satara,SHRIMANT CHH UDAYANRAJE PRATAPSINHAMAHARAJ BHONSLE,Bharatiya Janata Party,571134,SHASHIKANT JAYVANTRAO SHINDE,Nationalist Congress Party – Sharadchandra Pawar,538363,32771
270,Maharashtra,Ratnagiri- Sindhudurg,NARAYAN TATU RANE,Bharatiya Janata Party,448514,VINAYAK BHAURAO RAUT,Shiv Sena (Uddhav Balasaheb Thackrey),400656,47858
271,Maharashtra,Kolhapur,CHHATRAPATI SHAHU SHAHAJI,Indian National Congress,754522,SANJAY SADASHIVRAO MANDLIK,Shiv Sena,599558,154964
272,Maharashtra,Hatkanangale,DHAIRYASHEEL SAMBHAJIRAO MANE,Shiv Sena,520190,SATYAJEET BABASAHEB PATIL (AABA) SARUDKAR,Shiv Sena (Uddhav Balasaheb Thackrey),506764,13426
273,Odisha,Bolangir,SANGEETA KUMARI SINGH DEO,Bharatiya Janata Party,617744,SURENDRA SINGH BHOI,Biju Janata Dal,485080,132664
274,Odisha,Kalahandi,MALVIKA DEVI,Bharatiya Janata Party,544303,LAMBODAR NIAL,Biju Janata Dal,410490,133813
275,Odisha,Nabarangpur,BALABHADRA MAJHI,Bharatiya Janata Party,481396,PRADEEP KUMAR MAJHI,Biju Janata Dal,393860,87536
276,Odisha,Kandhamal,SUKANTA KUMAR PANIGRAHI,Bharatiya Janata Party,416415,ACHYUTANANDA SAMANTA,Biju Janata Dal,395044,21371
277,Odisha,Cuttack,BHARTRUHARI MAHTAB,Bharatiya Janata Party,531601,SANTRUPT MISRA,Biju Janata Dal,474524,57077
278,Odisha,Kendrapara,BAIJAYANT PANDA,Bharatiya Janata Party,615705,ANSHUMAN MOHANTY,Biju Janata Dal,549169,66536
279,Odisha,Jagatsinghpur,BIBHU PRASAD TARAI,Bharatiya Janata Party,589093,DR. RAJASHREE MALLICK,Biju Janata Dal,548397,40696
280,Odisha,Puri,SAMBIT PATRA,Bharatiya Janata Party,629330,ARUP MOHAN PATNAIK,Biju Janata Dal,524621,104709
281,Odisha,Bhubaneswar,APARAJITA SARANGI,Bharatiya Janata Party,512519,MANMATH KUMAR ROUTRAY,Biju Janata Dal,477367,35152
282,Odisha,Aska,ANITA SUBHADARSHINI,Bharatiya Janata Party,494226,RANJITA SAHU,Biju Janata Dal,394252,99974
283,Odisha,Berhampur,DR. PRADEEP KUMAR PANIGRAHY,Bharatiya Janata Party,513102,BHRUGU BAXIPATRA,Biju Janata Dal,347626,165476
284,Odisha,Koraput,SAPTAGIRI SANKAR ULAKA,Indian National Congress,471393,KAUSALYA HIKAKA,Biju Janata Dal,323649,147744
285,Punjab,Firozpur,SHER SINGH GHUBAYA,Indian National Congress,266626,JAGDEEP SINGH KAKA BRAR,Aam Aadmi Party,263384,3242
286,Punjab,Bathinda,HARSIMRAT KAUR BADAL,Shiromani Akali Dal,376558,GURMEET SINGH KHUDIAN,Aam Aadmi Party,326902,49656
287,Punjab,Sangrur,GURMEET SINGH MEET HAYER,Aam Aadmi Party,364085,SUKHPAL SINGH KHAIRA,Indian National Congress,191525,172560
288,Punjab,Patiala,DR DHARAMVIRA GANDHI,Indian National Congress,305616,DR BALBIR SINGH,Aam Aadmi Party,290785,14831
289,Rajasthan,KARAULI-DHOLPUR,BHAJAN LAL JATAV,Indian National Congress,530011,INDU DEVI,Bharatiya Janata Party,431066,98945
290,Rajasthan,DAUSA,MURARI LAL MEENA,Indian National Congress,646266,KANHAIYA LAL MEENA,Bharatiya Janata Party,408926,237340
291,Rajasthan,TONK-SAWAI MADHOPUR,HARISH CHANDRA MEENA,Indian National Congress,623763,SUKHBIR SINGH JAUNAPURIA,Bharatiya Janata Party,558814,64949
292,Rajasthan,AJMER,BHAGIRATH CHOUDHARY,Bharatiya Janata Party,747462,RAMCHANDRA CHOUDHARY,Indian National Congress,417471,329991
293,Rajasthan,NAGAUR,HANUMAN BENIWAL,Rashtriya Loktantrik Party,596955,JYOTI MIRDHA,Bharatiya Janata Party,554730,42225
294,Rajasthan,PALI,P. P. CHAUDHARY,Bharatiya Janata Party,757389,SANGEETA BENIWAL,Indian National Congress,512038,245351
295,Rajasthan,JODHPUR,GAJENDRA SINGH SHEKHAWAT,Bharatiya Janata Party,730056,KARAN SINGH UCHIYARDA,Indian National Congress,614379,115677
296,Rajasthan,BARMER,UMMEDA RAM BENIWAL,Indian National Congress,704676,RAVINDRA SINGH BHATI,Independent,586500,118176
297,Rajasthan,JALORE,LUMBARAM,Bharatiya Janata Party,796783,VAIBHAV GEHLOT,Indian National Congress,595240,201543
298,Rajasthan,UDAIPUR,MANNA LAL RAWAT,Bharatiya Janata Party,738286,TARACHAND MEENA,Indian National Congress,476678,261608
299,Rajasthan,BANSWARA,RAJ KUMAR ROAT,Bharat Adivasi Party,820831,MAHENDRAJEETSINGH MALVIYA,Bharatiya Janata Party,573777,247054
300,Rajasthan,CHITTORGARH,CHANDRA PRAKASH JOSHI,Bharatiya Janata Party,888202,ANJANA UDAILAL,Indian National Congress,498325,389877
301,Rajasthan,RAJSAMAND,MAHIMA KUMARI MEWAR,Bharatiya Janata Party,781203,DR. DAMODAR GURJAR,Indian National Congress,388980,392223
302,Rajasthan,BHILWARA,DAMODAR AGARWAL,Bharatiya Janata Party,807640,C P JOSHI,Indian National Congress,453034,354606
303,Rajasthan,KOTA,OM BIRLA,Bharatiya Janata Party,750496,PRAHLAD GUNJAL,Indian National Congress,708522,41974
304,Rajasthan,JHALAWAR-BARAN,DUSHYANT SINGH,Bharatiya Janata Party,865376,URMILA JAIN “BHAYA”,Indian National Congress,494387,370989
305,Tamil Nadu,DHARMAPURI,MANI. A.,Dravida Munnetra Kazhagam,432667,SOWMIYA ANBUMANI,Pattali Makkal Katchi,411367,21300
306,Tamil Nadu,TIRUVANNAMALAI,"ANNADURAI, C.N.",Dravida Munnetra Kazhagam,547379,KALIYAPERUMAL M,All India Anna Dravida Munnetra Kazhagam,313448,233931
307,Tamil Nadu,ARANI,THARANIVENTHAN M S,Dravida Munnetra Kazhagam,500099,"GAJENDRAN, G.V.",All India Anna Dravida Munnetra Kazhagam,291333,208766
308,Tamil Nadu,VILUPPURAM,RAVIKUMAR. D,Viduthalai Chiruthaigal Katchi,477033,BHAGYARAJ. J,All India Anna Dravida Munnetra Kazhagam,406330,70703
309,Tamil Nadu,KALLAKURICHI,MALAIYARASAN D,Dravida Munnetra Kazhagam,561589,KUMARAGURU R,All India Anna Dravida Munnetra Kazhagam,507805,53784
310,Tamil Nadu,SALEM,SELVAGANAPATHI T M,Dravida Munnetra Kazhagam,566085,VIGNESH P,All India Anna Dravida Munnetra Kazhagam,495728,70357
311,Tamil Nadu,NAMAKKAL,MATHESWARAN V S,Dravida Munnetra Kazhagam,462036,TAMILMANI S,All India Anna Dravida Munnetra Kazhagam,432924,29112
312,Tamil Nadu,ERODE,K E PRAKASH,Dravida Munnetra Kazhagam,562339,ASHOK KUMAR,All India Anna Dravida Munnetra Kazhagam,325773,236566
313,Tamil Nadu,TIRUPPUR,"SUBBARAYAN, K.",Communist Party of India,472739,"ARUNACHALAM, P.",All India Anna Dravida Munnetra Kazhagam,346811,125928
314,Tamil Nadu,NILGIRIS,RAJA A,Dravida Munnetra Kazhagam,473212,DR MURUGAN L,Bharatiya Janata Party,232627,240585
315,Tamil Nadu,COIMBATORE,GANAPATHY RAJKUMAR P,Dravida Munnetra Kazhagam,568200,ANNAMALAI K,Bharatiya Janata Party,450132,118068
316,Tamil Nadu,POLLACHI,ESWARASAMY K,Dravida Munnetra Kazhagam,533377,KARTHIKEYAN A,All India Anna Dravida Munnetra Kazhagam,281335,252042
317,Tamil Nadu,DINDIGUL,SACHITHANANTHAM R,Communist Party of India  (Marxist),670149,MOHAMED MUBARAK M A,All India Anna Dravida Munnetra Kazhagam,226328,443821
318,Tamil Nadu,KARUR,JOTHIMANI. S,Indian National Congress,534906,THANGAVEL. L,All India Anna Dravida Munnetra Kazhagam,368090,166816
319,Tamil Nadu,TIRUCHIRAPPALLI,DURAI VAIKO,Marumalarchi Dravida Munnetra Kazhagam,542213,KARUPPAIAH. P,All India Anna Dravida Munnetra Kazhagam,229119,313094
320,Tamil Nadu,PERAMBALUR,ARUN NEHRU,Dravida Munnetra Kazhagam,603209,CHANDRAMOHAN N D,All India Anna Dravida Munnetra Kazhagam,214102,389107
321,Tamil Nadu,CUDDALORE,M.K. VISHNUPRASAD,Indian National Congress,455053,P. SIVAKOZHUNDU,Desiya Murpokku Dravida Kazhagam,269157,185896
322,Tamil Nadu,CHIDAMBARAM,THIRUMAAVALAVAN THOL,Viduthalai Chiruthaigal Katchi,505084,CHANDRAHASAN M,All India Anna Dravida Munnetra Kazhagam,401530,103554
323,Tamil Nadu,MAYILADUTHURAI,SUDHA R,Indian National Congress,518459,BABU P,All India Anna Dravida Munnetra Kazhagam,247276,271183
324,Tamil Nadu,NAGAPATTINAM,SELVARAJ V,Communist Party of India,465044,DR SURSITH SANKAR G,All India Anna Dravida Munnetra Kazhagam,256087,208957
325,Tamil Nadu,THANJAVUR,MURASOLI S,Dravida Munnetra Kazhagam,502245,SIVANESAN P,Desiya Murpokku Dravida Kazhagam,182662,319583
326,Tamil Nadu,SIVAGANGA,KARTI P CHIDAMBARAM,Indian National Congress,427677,XAVIERDASS A,All India Anna Dravida Munnetra Kazhagam,222013,205664
327,Tamil Nadu,MADURAI,VENKATESAN S,Communist Party of India  (Marxist),430323,RAAMA SREENIVASAN,Bharatiya Janata Party,220914,209409
328,Tamil Nadu,THENI,THANGA TAMILSELVAN,Dravida Munnetra Kazhagam,571493,TTV DHINAKARAN,Amma Makkal Munnettra Kazagam,292668,278825
329,Tamil Nadu,VIRUDHUNAGAR,MANICKAM TAGORE B,Indian National Congress,385256,VIJAYAPRABHAKARAN V,Desiya Murpokku Dravida Kazhagam,380877,4379
330,Tamil Nadu,RAMANATHAPURAM,NAVASKANI K,Indian Union Muslim League,509664,PANNEERSELVAM O S/O OTTAKARATHEVAR,Independent,342882,166782
331,Tamil Nadu,THOOTHUKKUDI,KANIMOZHI KARUNANIDHI,Dravida Munnetra Kazhagam,540729,SIVASAMY VELUMANI R,All India Anna Dravida Munnetra Kazhagam,147991,392738
332,Tamil Nadu,TENKASI,DR RANI SRI KUMAR,Dravida Munnetra Kazhagam,425679,DR K KRISHNASAMY,All India Anna Dravida Munnetra Kazhagam,229480,196199
333,Tamil Nadu,TIRUNELVELI,ROBERT BRUCE C,Indian National Congress,502296,NAINAR NAGENTHRAN,Bharatiya Janata Party,336676,165620
334,Tamil Nadu,KANNIYAKUMARI,VIJAYAKUMAR (Alias) VIJAY VASANTH,Indian National Congress,546248,RADHAKRISHNAN P,Bharatiya Janata Party,366341,179907
335,Uttar Pradesh,Meerut,ARUN GOVIL,Bharatiya Janata Party,546469,SUNITA VERMA,Samajwadi Party,535884,10585
336,Uttar Pradesh,Baghpat,DR RAJKUMAR SANGWAN,Rashtriya Lok Dal,488967,AMARPAL,Samajwadi Party,329508,159459
337,Uttar Pradesh,Ghaziabad,ATUL GARG,Bharatiya Janata Party,854170,DOLLY SHARMA,Indian National Congress,517205,336965
338,Uttar Pradesh,Gautam Buddha Nagar,DR. MAHESH SHARMA,Bharatiya Janata Party,857829,DR. MAHENDRA SINGH NAGAR,Samajwadi Party,298357,559472
339,Uttar Pradesh,Bulandshahr,DR BHOLA SINGH,Bharatiya Janata Party,597310,SHIVRAM,Indian National Congress,322176,275134
340,Uttar Pradesh,Aligarh,SATISH KUMAR GAUTAM,Bharatiya Janata Party,501834,BIJENDRA SINGH,Samajwadi Party,486187,15647
341,Uttar Pradesh,Hathras,ANOOP PRADHAN BALMIKI,Bharatiya Janata Party,554746,JASVEER VALMIKI,Samajwadi Party,307428,247318
342,Uttar Pradesh,Mathura,HEMAMALINI DHARMENDRA DEOL,Bharatiya Janata Party,510064,MUKESH DHANGAR,Indian National Congress,216657,293407
343,Uttar Pradesh,Agra,PROF S P SINGH BAGHEL,Bharatiya Janata Party,599397,SURESH CHAND KARDAM,Samajwadi Party,328103,271294
344,Uttar Pradesh,Fatehpur Sikri,RAJKUMAR CHAHAR,Bharatiya Janata Party,445657,RAMNATH SINGH SIKARWAR,Indian National Congress,402252,43405
345,Uttar Pradesh,Firozabad,AKSHAYA YADAV,Samajwadi Party,543037,VISHWADEEP SINGH,Bharatiya Janata Party,453725,89312
346,Uttar Pradesh,Mainpuri,DIMPLE YADAV,Samajwadi Party,598526,JAYVEER SINGH,Bharatiya Janata Party,376887,221639
347,Uttar Pradesh,Etah,DEVESH SHAKYA,Samajwadi Party,475808,RAJVEER SINGH (RAJU BHAIYA),Bharatiya Janata Party,447756,28052
348,Uttar Pradesh,Badaun,ADITYA YADAV,Samajwadi Party,501855,DURVIJAY SINGH SHAKYA,Bharatiya Janata Party,466864,34991
349,Uttar Pradesh,Aonla,NEERAJ MAURYA,Samajwadi Party,492515,DHARMENDRA KASHYAP,Bharatiya Janata Party,476546,15969
350,Uttar Pradesh,Bareilly,CHHATRA PAL SINGH GANGWAR,Bharatiya Janata Party,567127,PRAVEEN SINGH ARON,Samajwadi Party,532323,34804
351,Uttar Pradesh,Pilibhit,JITIN PRASADA,Bharatiya Janata Party,607158,BHAGWAT SARAN GANGWAR,Samajwadi Party,442223,164935
352,Uttar Pradesh,Shahjahanpur,ARUN KUMAR SAGAR,Bharatiya Janata Party,592718,JYOTSNA GOND,Samajwadi Party,537339,55379
353,Uttar Pradesh,Kheri,UTKARSH VERMA  'MADHUR',Samajwadi Party,557365,AJAY KUMAR,Bharatiya Janata Party,523036,34329
354,Uttar Pradesh,Dhaurahra,ANAND BHADAURIYA,Samajwadi Party,443743,REKHA VERMA,Bharatiya Janata Party,439294,4449
355,Uttar Pradesh,Sitapur,RAKESH RATHOR,Indian National Congress,531138,RAJESH VERMA,Bharatiya Janata Party,441497,89641
356,Uttar Pradesh,Hardoi,JAI PRAKASH,Bharatiya Janata Party,486798,USHA VERMA,Samajwadi Party,458942,27856
357,Uttar Pradesh,Misrikh,ASHOK KUMAR RAWAT,Bharatiya Janata Party,475016,SANGITA RAJVANSHI,Samajwadi Party,441610,33406
358,Uttar Pradesh,Unnao,SWAMI SACHCHIDANAND HARI SAKSHI,Bharatiya Janata Party,616133,ANNU TANDON,Samajwadi Party,580315,35818
359,Uttar Pradesh,Mohanlalganj,R.K. CHAUDHARY,Samajwadi Party,667869,KAUSHAL KISHORE,Bharatiya Janata Party,597577,70292
360,Uttar Pradesh,Lucknow,RAJ NATH SINGH,Bharatiya Janata Party,612709,RAVIDAS MEHROTRA,Samajwadi Party,477550,135159
361,Uttar Pradesh,Rae Bareli,RAHUL GANDHI,Indian National Congress,687649,DINESH PRATAP SINGH,Bharatiya Janata Party,297619,390030
362,Uttar Pradesh,Amethi,KISHORI LAL,Indian National Congress,539228,SMRITI IRANI,Bharatiya Janata Party,372032,167196
363,Uttar Pradesh,Sultanpur,RAMBHUAL NISHAD,Samajwadi Party,444330,MANEKA SANJAY GANDHI,Bharatiya Janata Party,401156,43174
364,Uttar Pradesh,Pratapgarh,SHIV PAL SINGH PATEL (DR. S P SINGH),Samajwadi Party,441932,SANGAM LAL GUPTA,Bharatiya Janata Party,375726,66206
365,Uttar Pradesh,Farrukhabad,MUKESH RAJPUT,Bharatiya Janata Party,487963,DR. NAVAL KISHOR SHAKYA,Samajwadi Party,485285,2678
366,Uttar Pradesh,Etawah,JITENDRA KUMAR DOHARE,Samajwadi Party,490747,DR RAM SHANKAR KATHERIA,Bharatiya Janata Party,432328,58419
367,Uttar Pradesh,Kannauj,AKHILESH YADAV,Samajwadi Party,642292,SUBRAT PATHAK,Bharatiya Janata Party,471370,170922
368,Uttar Pradesh,Kanpur,RAMESH AWASTHI,Bharatiya Janata Party,443055,ALOK MISRA,Indian National Congress,422087,20968
369,Uttar Pradesh,Akbarpur,DEVENDRA SINGH ALIAS BHOLE SINGH,Bharatiya Janata Party,517423,RAJARAM PAL,Samajwadi Party,473078,44345
370,Uttar Pradesh,Jalaun,NARAYAN DAS AHIRWAR,Samajwadi Party,530180,BHANU PRATAP SINGH VERMA,Bharatiya Janata Party,476282,53898
371,Uttar Pradesh,Jhansi,ANURAG SHARMA,Bharatiya Janata Party,690316,"PRADEEP JAIN ""ADITYA""",Indian National Congress,587702,102614
372,Uttar Pradesh,Hamirpur,AJENDRA SINGH LODHI,Samajwadi Party,490683,KUNWAR PUSHPENDRA SINGH CHANDEL,Bharatiya Janata Party,488054,2629
373,Uttar Pradesh,Banda,KRISHNA DEVI SHIVSHANKER PATEL,Samajwadi Party,406567,R. K. SINGH PATEL,Bharatiya Janata Party,335357,71210
374,Uttar Pradesh,Fatehpur,NARESH CHANDRA UTTAM PATEL,Samajwadi Party,500328,NIRANJAN JYOTI,Bharatiya Janata Party,467129,33199
375,Uttar Pradesh,Kaushambi,PUSHPENDRA SAROJ,Samajwadi Party,509787,VINOD KUMAR SONKAR,Bharatiya Janata Party,405843,103944
376,Uttar Pradesh,Phulpur,PRAVEEN PATEL,Bharatiya Janata Party,452600,AMAR NATH SINGH MAURYA,Samajwadi Party,448268,4332
377,Uttar Pradesh,Allahabad,UJJWAL RAMAN SINGH,Indian National Congress,462145,NEERAJ TRIPATHI,Bharatiya Janata Party,403350,58795
378,Uttar Pradesh,Barabanki,TANUJ PUNIA,Indian National Congress,719927,RAJRANI RAWAT,Bharatiya Janata Party,504223,215704
379,Uttar Pradesh,Faizabad,AWADHESH PRASAD,Samajwadi Party,554289,LALLU SINGH,Bharatiya Janata Party,499722,54567
380,Uttar Pradesh,Ambedkar Nagar,LALJI VERMA,Samajwadi Party,544959,RITESH PANDEY,Bharatiya Janata Party,407712,137247
381,Uttar Pradesh,Baharaich,ANAND KUMAR,Bharatiya Janata Party,518802,RAMESH CHANDRA,Samajwadi Party,454575,64227
382,Uttar Pradesh,Kaiserganj,KARAN BHUSHAN SINGH,Bharatiya Janata Party,571263,BHAGAT RAM,Samajwadi Party,422420,148843
383,Uttar Pradesh,Shrawasti,RAM SHIROMANI VERMA,Samajwadi Party,511055,SAKET MISRA,Bharatiya Janata Party,434382,76673
384,Uttar Pradesh,Gonda,KIRTIVARDHAN SINGH,Bharatiya Janata Party,474258,SHREYA VERMA,Samajwadi Party,428034,46224
385,Uttar Pradesh,Domariyaganj,JAGDAMBIKA PAL,Bharatiya Janata Party,463303,BHISHMA SHANKAR ALIAS KUSHAL TIWARI,Samajwadi Party,420575,42728
386,Uttar Pradesh,Basti,RAM PRASAD CHAUDHARY,Samajwadi Party,527005,HARISH CHANDRA ALIAS HARISH DWIVEDI,Bharatiya Janata Party,426011,100994
387,Uttar Pradesh,Sant Kabir Nagar,LAXMIKANT PAPPU NISHAD,Samajwadi Party,498695,PRAVIN KUMAR NISHAD,Bharatiya Janata Party,406525,92170
388,Uttar Pradesh,Maharajganj,PANKAJ CHAUDHARY,Bharatiya Janata Party,591310,VIRENDRA CHAUDHARY,Indian National Congress,555859,35451
389,Uttar Pradesh,Gorakhpur,RAVINDRA SHUKLA ALIAS RAVI KISHAN,Bharatiya Janata Party,585834,KAJAL NISHAD,Samajwadi Party,482308,103526
390,Uttar Pradesh,Kushi Nagar,VIJAY KUMAR DUBAY,Bharatiya Janata Party,516345,AJAY PRATAP SINGH URF PINTU SAITHWAR,Samajwadi Party,434555,81790
391,Uttar Pradesh,Deoria,SHASHANK MANI,Bharatiya Janata Party,504541,AKHILESH PRATAP SINGH,Indian National Congress,469699,34842
392,Uttar Pradesh,Bansgaon,KAMLESH PASWAN,Bharatiya Janata Party,428693,SADAL PRASAD,Indian National Congress,425543,3150
393,Uttar Pradesh,Lalganj,DAROGA PRASAD SAROJ,Samajwadi Party,439959,NEELAM SONKER,Bharatiya Janata Party,324936,115023
394,Uttar Pradesh,Azamgarh,DHARMENDRA YADAV,Samajwadi Party,508239,DINESH LAL YADAV “NIRAHUA”,Bharatiya Janata Party,347204,161035
395,Uttar Pradesh,Ghosi,RAJEEV RAI,Samajwadi Party,503131,DR. ARVIND RAJBHAR,Suheldev Bharatiya Samaj Party,340188,162943
396,Uttar Pradesh,Salempur,RAMASHANKAR RAJBHAR,Samajwadi Party,405472,RAVINDAR KUSHAWAHA,Bharatiya Janata Party,401899,3573
397,Uttar Pradesh,Ballia,SANATAN PANDEY,Samajwadi Party,467068,NEERAJ SHEKHAR,Bharatiya Janata Party,423684,43384
398,Uttar Pradesh,Jaunpur,BABU SINGH KUSHWAHA,Samajwadi Party,509130,KRIPASHANKAR SINGH,Bharatiya Janata Party,409795,99335
399,Uttar Pradesh,Machhlishahr,PRIYA SAROJ,Samajwadi Party,451292,BHOLANATH (B.P. SAROJ),Bharatiya Janata Party,415442,35850
400,Uttar Pradesh,Ghazipur,AFZAL ANSARI,Samajwadi Party,539912,PARS NATH RAI,Bharatiya Janata Party,415051,124861
401,Uttar Pradesh,Chandauli,BIRENDRA SINGH,Samajwadi Party,474476,DR. MAHENDRA NATH  PANDEY,Bharatiya Janata Party,452911,21565
402,Uttar Pradesh,Varanasi,NARENDRA MODI,Bharatiya Janata Party,612970,AJAY RAI,Indian National Congress,460457,152513
403,Uttar Pradesh,Bhadohi,DR. VINOD KUMAR BIND,Bharatiya Janata Party,459982,LALITESHPATI TRIPATHI,All India Trinamool Congress,415910,44072
404,Uttar Pradesh,Mirzapur,ANUPRIYA PATEL,Apna Dal (Soneylal),471631,RAMESH CHAND BIND,Samajwadi Party,433821,37810
405,Uttar Pradesh,Robertsganj,CHHOTELAL,Samajwadi Party,465848,RINKI SINGH,Apna Dal (Soneylal),336614,129234
406,West Bengal,Baharampur,PATHAN YUSUF,All India Trinamool Congress,524516,ADHIR RANJAN CHOWDHURY,Indian National Congress,439494,85022
407,West Bengal,Murshidabad,ABU TAHER KHAN,All India Trinamool Congress,682442,MD SALIM,Communist Party of India  (Marxist),518227,164215
408,West Bengal,Krishnanagar,MAHUA MOITRA,All India Trinamool Congress,628789,AMRITA ROY,Bharatiya Janata Party,572084,56705
409,West Bengal,Ranaghat,JAGANNATH SARKAR,Bharatiya Janata Party,782396,MUKUT MANI ADHIKARI,All India Trinamool Congress,595497,186899
410,West Bengal,Bangaon,SHANTANU THAKUR,Bharatiya Janata Party,719505,BISWAJIT DAS S/O LATE BIJAY KRISHNA DAS,All India Trinamool Congress,645812,73693
411,West Bengal,Barrackpur,PARTHA BHOWMICK,All India Trinamool Congress,520231,ARJUN SINGH,Bharatiya Janata Party,455793,64438
412,West Bengal,Dum dum,SOUGATA RAY,All India Trinamool Congress,528579,SILBHADRA DATTA,Bharatiya Janata Party,457919,70660
413,West Bengal,Barasat,KAKOLI GHOSH DASTIDAR,All India Trinamool Congress,692010,SWAPAN MAJUMDER,Bharatiya Janata Party,577821,114189
414,West Bengal,Basirhat,SK NURUL ISLAM,All India Trinamool Congress,803762,REKHA PATRA,Bharatiya Janata Party,470215,333547
415,West Bengal,Joynagar,PRATIMA MONDAL,All India Trinamool Congress,894312,ASHOK KANDARY,Bharatiya Janata Party,424093,470219
416,West Bengal,Mathurapur,BAPI HALDAR,All India Trinamool Congress,755731,ASHOK PURKAIT,Bharatiya Janata Party,554674,201057
417,West Bengal,Diamond harbour,ABHISHEK BANERJEE,All India Trinamool Congress,1048230,ABHIJIT DAS (BOBBY),Bharatiya Janata Party,337300,710930
418,West Bengal,Jadavpur,SAYANI GHOSH,All India Trinamool Congress,717899,DR. ANIRBAN GANGULY,Bharatiya Janata Party,459698,258201
419,West Bengal,Kolkata Dakshin,MALA ROY,All India Trinamool Congress,615274,DEBASREE CHAUDHURI,Bharatiya Janata Party,428043,187231
420,West Bengal,Kolkata Uttar,BANDYOPADHYAY SUDIP,All India Trinamool Congress,454696,TAPAS ROY,Bharatiya Janata Party,362136,92560
421,West Bengal,Howrah,PRASUN BANERJEE,All India Trinamool Congress,626493,DR RATHIN CHAKRAVARTY,Bharatiya Janata Party,457051,169442
422,West Bengal,Uluberia,SAJDA AHMED,All India Trinamool Congress,724622,ARUNUDAY PAULCHOWDHURY,Bharatiya Janata Party,505949,218673
